INSERT INTO product(name, internal_code)
VALUES ('lego', 100),
       ('barbie', 101),
       ('apple', 200),
       ('banana', 201);

INSERT INTO organization(name, inn, payment_account)
VALUES ('toy shop', 55555, 450012),
       ('fruit shop', 12345, 123124),
       ('null shop', 21231, 2134231),
       ('griga shop', 98765, 41312),
       ('computer shop', 56789, 451012),
       ('city shop', 68568, 4507712),
       ('products shop', 66666, 454562),
       ('my shop', 77777, 111111),
       ('your shop', 88888, 343246),
       ('mini shop', 54645, 987789),
       ('maxi shop', 54123, 999999);

INSERT INTO invoice(id, date, organization_sender)
VALUES (1, '2022-11-05 12:00:00', 12345),
       (2, '2022-11-06 13:00:00', 12345),
       (3, '2022-11-07 14:00:00', 12345),
       (4, '2022-01-01 11:00:00', 55555),
       (5, '2022-01-02 15:00:00', 55555),
       (6, '2022-01-02 15:00:00', 98765),
       (7, '2022-01-02 15:00:00', 56789),
       (8, '2022-01-02 15:00:00', 66666),
       (9, '2022-01-02 15:00:00', 77777),
       (10, '2022-01-02 15:00:00', 88888),
       (11, '2022-01-02 15:00:00', 54645),
       (12, '2022-01-02 15:00:00', 54123);

INSERT INTO invoice_item(id, id_invoice, product, price, count)
VALUES (1, 1, 200, 2000, 100),
       (2, 2, 201, 10000, 250),
       (6, 3, 201, 5000, 250),
       (3, 3, 200, 8500, 300),
       (4, 4, 100, 25000, 5),
       (5, 5, 101, 3000, 10),
       (7, 6, 101, 2000, 11),
       (8, 7, 100, 5000, 102),
       (9, 8, 201, 15000, 500),
       (10, 9, 201, 3000, 152),
       (11, 10, 200, 10, 1),
       (12, 11, 200, 100, 4),
       (13, 12, 101, 16000, 357);
